0,Cameron Batson,2
0,Pat Batteaux,0
0,Danny Batten,2
0,Arnaz Battle,18
0,Jackie Battle,7
0,Julian Battle,2
0,Tra Battle,0
0,Ainsley Battles,11
0,Rashad Bauman,3
0,De'Vante Bausby,3
0,Nick Bawden,0
0,Colin Baxter,1
0,Gary Baxter,20
0,Jarrod Baxter,0
0,Alex Bayer,0
0,Evan Baylis,0
0,Kelvin Beachum,53
0,Zane Beadles,53
0,Sam Beal,1
0,Robert Bean,5
0,Chad Beasley,2
0,Cole Beasley,43
0,Vic Beasley,32
0,Jon Beason,55
0,C.J. Beathard,8
0,Will Beatty,30
0,Steve Beauharnais,0
0,Willie Beavers,0
0,Anthony Becht,12
0,Andrew Beck,1
0,John Beck,4
0,Jordan Beck,2
0,Rogers Beckett,17
0,Odell Beckham Jr.,55
0,Tony Beckham,5
0,Travis Beckum,2
0,Darry Beckwith,0
0,Kendell Beckwith,5
0,Nick Becton,0
0,Brad Bedell,4
0,Ryan Bee,0
0,Chad Beebe,3
0,Josh Beekman,10
0,Monty Beisel,13
0,Jovan Belcher,19
0,Beau Bell,0
0,Blake Bell,5
0,Brandon Bell,0
0,Byron Bell,36
0,Demetress Bell,13
0,Jacob Bell,32
0,Jason Bell,5
0,Joique Bell,24
0,Josh Bell,2
0,Kahlil Bell,5
0,Kendrell Bell,40
0,Le'Veon Bell,61
0,Marcus Bell,7
0,Marcus Bell,14
0,Mike Bell,12
0,Tatum Bell,22
0,Vonn Bell,32
0,Yeremiah Bell,40
0,Josh Bellamy,8
0,Ronald Bellamy,0
0,B.J. Bello,2
0,Nick Bellore,16
0,Marcus Benard,6
0,Jacob Bender,0
0,Caleb Benenoch,12
0,Kelvin Benjamin,22
0,Ryan Benjamin,3
0,Travis Benjamin,25
0,Arrelious Benn,8
0,Charles Bennett,0
0,Drew Bennett,36
0,Earl Bennett,19
0,Fred Bennett,7
0,Martellus Bennett,35
0,Michael Bennett,34
0,Michael Bennett,57
0,Michael Bennett,1
0,Cedric Benson,36
0,Bill Bentley,3
0,Ja'Whaun Bentley,28
0,Kevin Bentley,23
0,LeCharles Bentley,29
0,Bene Benwikere,10
0,Beau Benzschawel,0
0,Jake Bequette,0
0,Adam Bergen,3
0,Joe Berger,37
0,Tony Bergstrom,12
0,Nat Berhe,3
0,Brock Berlin,0
0,Eddie Berlin,3
0,Mackenzy Bernadeau,25
0,Giovani Bernard,42
0,Rocky Bernard,35
0,Walter Bernard,0
0,Jordan Bernstine,0
0,Bernard Berrian,32
0,Braxton Berrios,10
0,Aaron Berry,3
0,Eric Berry,50
0,Gary Berry,0
0,Jordan Berry,12
0,Brenton Bersin,3
0,Sean Berton,1
0,Davone Bess,27
0,Jahvid Best,13
0,Antoine Bethea,63
0,Justin Bethel,20
0,Ladell Betts,31
0,Brennen Beyer,0
0,E.J. Bibbs,0
0,Kapri Bibbs,3
0,Martin Bibla,3
0,Erik Bickerstaff,0
0,Taye Biddle,0
0,Josh Bidwell,18
0,Vince Biegel,5
0,Troy Bienemann,0
0,Kroy Biermann,24
0,Keishawn Bierria,1
0,Terreal Bierria,6
0,Atari Bigby,19
0,E.J. Biggers,13
0,Adam Bighill,0
0,Andrew Billings,20
0,Jace Billingsley,0
0,Christo Bilukidi,1
0,Darnell Bing,1
0,Ryon Bingham,6
0,Armon Binns,3
0,Bront Bird,4
0,Cory Bird,6
0,Rob Bironas,29
0,Desmond Bishop,18
0,Freddie Bishop,2
0,Ken Bishop,0
0,Michael Bishop,0
0,Adam Bisnowaty,0
0,Joel Bitonio,67
0,Ahmad Black,3
0,Avion Black,2
0,Jordan Black,24
0,Nathan Black,0
0,Quincy Black,18
0,Chase Blackburn,26
0,Harold Blackmon,1
0,Justin Blackmon,9
0,Will Blackmon,16
0,Saeed Blacknall,0
0,Angelo Blackson,21
0,Darryl Blackstock,6
0,Willie Blade,8
0,Willie Blade,8
0,H.B. Blades,9
0,Marquise Blair,2
0,Ronald Blair,7
0,Antwon Blake,11
0,Christian Blake,2
0,Dwayne Blakley,1
0,Justin Blalock,55
0,Kendall Blanton,0
0,Robert Blanton,9
0,Khari Blasingame,0
0,Derrick Blaylock,11
0,Darrius Blevins,0
0,David Blough,0
0,LeGarrette Blount,39
0,Alfred Blue,18
0,Greg Blue,2
0,Austin Blythe,33
0,C.J. Board,1
0,Chris Board,6
0,Kenneth Boatright,0
0,Chris Bober,18
0,Colby Bockwoldt,12
0,Leigh Bodden,29
0,Briean Boddy-Calhoun,9
0,Shaun Bodiford,0
0,Russell Bodine,30
0,Patrick Body,0
0,Evan Boehm,12
0,Marc Boerigter,8
0,Ike Boettger,9
0,Taylor Boggs,1
0,Phil Bogle,6
0,Tommy Bohanon,1
0,Rocky Boiman,14
0,Corey Bojorquez,9
0,Brandon Bolden,17
0,Omar Bolden,5
0,Victor Bolden,0
0,Anquan Boldin,86
0,Brock Bolen,0
0,Michael Boley,41
0,Clint Boling,46
0,Kyle Boller,16
0,Garett Bolles,34
0,Brooks Bollinger,6
0,Conrad Bolston,0
0,Devante Bond,4
0,Deyshawn Bond,2
0,Travis Bond,0
0,Reggie Bonnafon,2
0,Devontae Booker,19
0,Fred Booker,1
0,Lorenzo Booker,4
0,Alex Boone,35
0,Alfonso Boone,23
0,Mike Boone,3
0,Kevin Boothe,27
0,Breon Borders,4
0,Chris Borland,6
0,Blake Bortles,44
0,Jarvis Borum,1
0,Joey Bosa,49
0,Nick Bosa,41
0,Ryan Boschetti,3
0,Matthew Bosher,14
0,Kevin Boss,17
0,Jonathan Bostic,36
0,Brandon Bostick,1
0,Tre Boston,28
0,Chris Boswell,22
0,Kyle Bosworth,5
0,Michael Boulware,16
0,Todd Bouman,6
0,Kendrick Bourne,25
0,A.J. Bouye,33
0,Luke Bowanko,9
0,Dwayne Bowe,50
0,Alvin Bowen,0
0,Matt Bowen,13
0,Stephen Bowen,26
0,Tashawn Bower,2
0,Andy Bowers,0
0,Da'Quan Bowers,7
0,R.J. Bowers,1
0,John Bowie,0
0,Michael Bowie,4
0,Braedon Bowman,0
0,NaVorro Bowman,71
0,Zackary Bowman,15
0,Tyus Bowser,19
0,Josh Boyce,1
0,Cory Boyd,0
0,Danny Boyd,1
0,James Boyd,2
0,Jerome Boyd,1
0,Josh Boyd,4
0,Kris Boyd,6
0,LaVell Boyd,0
0,Tyler Boyd,42
0,Brandon Boykin,9
0,Jarrett Boykin,6
0,McKinley Boykin,0
0,Miles Boykin,6
0,Trevone Boykin,0
0,Brett Boyko,0
0,Nick Boyle,9
0,Tim Boyle,2
0,Bradley Bozeman,27
0,Ron Brace,6
0,Tyron Brackenridge,5
0,Brett Brackett,0
0,Gary Brackett,39
0,James Bradberry,43
0,Garrett Bradbury,23
0,Ben Braden,1
0,Cameron Bradfield,11
0,Allen Bradford,1
0,Carl Bradford,0
0,Sam Bradford,44
0,Nigel Bradham,44
0,Bam Bradley,0
0,Hunter Bradley,3
0,Jon Bradley,3
0,Mark Bradley,10
0,Stewart Bradley,19
0,Ahmad Bradshaw,42
0,Tom Brady,184
0,Michael Bragg,0
0,Bryan Braman,6
0,Alan Branch,42
0,Andre Branch,22
0,Bruce Branch,0
0,Colin Branch,8
0,Deion Branch,52
0,Jamaal Branch,0
0,Tyvon Branch,28
0,Sam Brandon,9
0,Tom Brandstater,0
0,David Brandt,1
0,Caleb Brantley,2
0,Cameron Brate,18
0,Ben Braunecker,0
0,Daniel Braverman,0
0,Quan Bray,0
0,Tyler Bray,0
0,Tyler Brayton,40
0,LaVon Brazill,3
0,Steve Breaston,26
0,Delvin Breaux,6
0,Kevin Breedlove,0
0,Bashaud Breeland,34
0,Drew Brees,167
0,Matt Breida,22
0,Jake Brendel,11
0,Sam Brenner,2
0,Josh Brent,5
0,K.J. Brent,0
0,Aaron Brewer,8
0,Chandler Brewer,3
0,Jack Brewer,2
0,James Brewer,4
0,Sean Brewer,0
0,Mike Brewster,5
0,Robert Brewster,0
0,Kentrell Brice,6
0,Jeremy Bridges,23
0,Teddy Bridgewater,49
0,Diyral Briggs,0
0,Lance Briggs,98
0,Anthony Bright,0
0,Lamont Brightful,4
0,Kyle Brindza,-2
0,Beau Brinkley,7
0,Curtis Brinkley,2
0,Jasper Brinkley,21
0,Dezmon Briscoe,4
0,Mike Brisiel,34
0,Jacoby Brissett,33
0,Justin Britt,41
0,Kenny Britt,35
0,Wesley Britt,3
0,Eben Britton,17
0,Eric Brock,0
0,Kevin Brock,0
0,Raheem Brock,43
0,Tramaine Brock,21
0,Richie Brockel,0
0,Michael Brockers,58
0,Mason Brodine,0
0,Brian Brohm,0
0,Jay Bromley,5
0,John Bronson,0
0,Jason Brookins,4
0,Aaron Brooks,66
0,Ahmad Brooks,1
0,Ahmad Brooks,54
0,Brandon Brooks,50
0,Cariel Brooks,0
0,Chris Brooks,0
0,Durant Brooks,0
0,Greg Brooks,1
0,Jamal Brooks,2
0,Jermaine Brooks,0
0,Michael Brooks,0
0,Nate Brooks,1
0,Rodregis Brooks,0
0,Ron Brooks,6
0,Terrence Brooks,8
0,Tony Brooks-James,0
0,Kentrell Brothers,4
0,Cortez Broughton,1
0,Nehemiah Broughton,0
0,Jamall Broussard,0
0,John Broussard,2
0,A.J. Brown,44
0,Aaron Brown,2
0,Alex Brown,59
0,Alex Brown,0
0,Andre Brown,7
0,Andrew Brown,2
0,Anthony Brown,23
0,Antonio Brown,1
0,Antonio Brown,92
0,Arthur Brown,3
0,Blair Brown,3
0,Bobby Brown,0
0,Bryce Brown,9
0,C.C. Brown,19
0,Charles Brown,15
0,Chris Brown,0
0,Chris Brown,24
0,Chykie Brown,5
0,Colin Brown,3
0,Corey Brown,11
0,Cornelius Brown,1
0,Courtney Brown,27
0,Courtney Brown,2
0,Curtis Brown,2
0,Daniel Brown,2
0,Dante Brown,0
0,Dee Brown,2
0,Delvin Brown,0
0,Donald Brown,25
0,Donatello Brown,0
0,Duane Brown,90
0,Elton Brown,8
0,Evan Brown,11
0,Everette Brown,6
0,Fadol Brown,1
0,Fred Brown,0
0,Jalil Brown,4
0,James Brown,1
0,Jammal Brown,49
0,Jamon Brown,21
0,Jaron Brown,11
0,Jason Brown,30
0,Jatavis Brown,14
0,Jayon Brown,26
0,Jerry Brown,0
0,Joe Brown,0
0,John Brown,36
0,Josh Brown,34
0,Justin Brown,1
0,Kareem Brown,0
0,Kourtnei Brown,0
0,Kyron Brown,1
0,Levi Brown,34
0,Levi Brown,0
0,Mack Brown,1
0,Malcolm Brown,10
0,Malcom Brown,43
0,Marcus Brown,0
0,Mark Brown,8
0,Marlon Brown,6
0,Marquise Brown,29
0,Michael Brown,0
0,Mike Brown,56
0,Mike Brown,4
0,Miles Brown,1
0,Milford Brown,19
0,Noah Brown,9
0,Omar Brown,1
0,Orlando Brown Jr.,52
0,Patrick Brown,1
0,Pharaoh Brown,3
0,Preston Brown,34
0,Ralph Brown,12
0,Reggie Brown,20
0,Ricky Brown,7
0,Ronnie Brown,41
0,Rufus Brown,0
0,Sammy Brown,0
0,Sergio Brown,10
0,Sheldon Brown,55
0,Stevie Brown,10
0,Tarell Brown,24
0,Titus Brown,2
0,Tony Brown,28
0,Tony Brown,3
0,Travis Brown,1
0,Trent Brown,38
0,Vincent Brown,9
0,Zach Brown,41
0,Brandon Browner,27
0,Keith Browner,0
0,Bryant Browning,0
0,Ryan Broyles,3
0,Arland Bruce,0
0,Mkristo Bruce,0
0,Rob Bruggeman,0
0,Daniel Brunskill,20
0,Daryon Brutley,0
0,David Bruton,10
0,Chris Bryan,0
0,Copeland Bryan,3
0,Courtney Bryan,1
0,Taven Bryan,16
0,Anthony Bryant,2
0,Antonio Bryant,38
0,Armonty Bryant,5
0,Austin Bryant,5
0,Brandin Bryant,0
0,C.B. Bryant,1
0,Corbin Bryant,11
0,Desmond Bryant,28
0,Dez Bryant,61
0,Martavis Bryant,19
0,Matt Bryant,38
0,Red Bryant,31
0,Roderick Bryant,1
0,Romby Bryant,0
0,Ventell Bryant,0
0,Wendell Bryant,4
0,Shawn Bryson,21
0,Tony Bua,1
0,Deone Bucannon,32
0,Michael Buchanan,2
0,Phillip Buchanon,34
0,Will Buchanon,0
0,Correll Buckhalter,27
0,Eldra Buckley,1
0,DeForest Buckner,63
0,David Buehler,2
0,Dan Buenning,10
0,Isaiah Buggs,10
0,Marcus Buggs,1
0,Bryan Bulaga,56
0,Marc Bulger,57
0,Courtland Bullard,2
0,Jonathan Bullard,12
0,Melvin Bullitt,11
0,Randy Bullock,19
0,Daniel Bullocks,7
0,Josh Bullocks,21
0,Max Bullough,5
0,Riley Bullough,2
0,Keith Bulluck,74
0,Tim Bulman,6
0,Michael Bumpus,0
0,Marquis Bundy,0
0,Brodrick Bunkley,40
0,Aaron Burbridge,1
0,Vontaze Burfict,46
0,Derrick Burgess,40
0,James Burgess,11
0,Prescott Burgess,2
0,Rex Burkhead,21
0,Brandon Burks,0
0,Dialleo Burks,0
0,Oren Burks,8
0,Nate Burleson,45
0,Marcus Burley,4
0,Deontay Burnett,1
0,Joe Burnett,1
0,Kaelin Burnett,1
0,Kevin Burnett,40
0,Morgan Burnett,32
0,Artie Burns,16
0,Brian Burns,29
0,Curry Burns,1
0,Joe Burns,2
0,Ben Burr-Kirven,2
0,Plaxico Burress,70
0,Henry Burris,1
0,Juston Burris,14
0,Miles Burris,14
0,Isaiah Burse,0
0,Antwon Burton,0
0,Brandon Burton,1
0,Deante Burton,0
0,Keenan Burton,3
0,Michael Burton,0
0,Stephen Burton,0
0,Trey Burton,12
0,Tyreek Burwell,1
0,Deon Bush,8
0,Devin Bush Jr.,23
0,Jarrett Bush,10
0,Josh Bush,3
0,Michael Bush,25
0,Rafael Bush,12
0,Reggie Bush,61
0,Jermon Bushrod,62
0,John Busing,4
0,Nate Bussey,0
0,Harrison Butker,20
0,Adam Butler,16
0,Brad Butler,13
0,Brice Butler,9
0,Crezdon Butler,2
0,Darius Butler,22
0,Deon Butler,4
0,Donald Butler,29
0,Drew Butler,2
0,James Butler,21
0,Jerametrius Butler,17
0,Jeremy Butler,2
0,Kelly Butler,8
0,Malcolm Butler,41
0,Mario Butler,1
0,Quincy Butler,4
0,Rashad Butler,7
0,Robb Butler,0
0,Terry Butler,0
0,Vernon Butler,13
0,Victor Butler,6
0,Jake Butt,1
0,Kevin Byard,51
0,Jeff Byers,5
0,Nate Byham,0
0,Carrington Byndom,0
0,Josh Bynes,37
0,Damiere Byrd,16
0,Dominique Byrd,0
0,Emanuel Byrd,0
0,Jairus Byrd,38
0,LaRon Byrd,0
0,Shawn Byrdsong,0
0,Jake Byrne,0
0,Dion Byrum,0
0,Olamide Zaccheaus,12
0,Dave Zastudil,18
0,Tom Zbikowski,11
0,Dominique Zeigler,2
0,Kevin Zeitler,56
0,Zach Zenner,6
0,Anthony Zettel,9
0,Chris Ziemann,1
0,Lee Ziemba,1
0,Justin Zimmer,3
0,Keith Zinger,0
0,Frank Zombo,23
0,Greg Zuerlein,26
0,Paul Zukauskas,9
0,Jeremy Zuttah,46
0,Brandon Zylstra,3
0,Rock Ya-Sin,13
0,Bashir Yamini,0
0,Marshal Yanda,92
0,David Yankey,0
0,Eddie Yarbrough,5
0,Billy Yates,9
0,Max Yates,0
0,T.J. Yates,6
0,Will Yeatman,1
0,Deon Yelder,1
0,T.J. Yeldon,20
0,Isaac Yiadom,10
0,Todd Yoder,3
0,Ashton Youboty,8
0,Albert Young,0
0,Brian Young,39
0,Chris Young,2
0,Darrel Young,5
0,David Young,0
0,Kenny Young,18
0,Lou Young,0
0,Michael Young,2
0,Sam Young,16
0,Scott Young,1
0,Selvin Young,9
0,Tavon Young,14
0,Titus Young,8
0,Trevon Young,0
0,Usama Young,17
0,Vince Young,33
0,Walter Young,0
0,Willie Young,22
0,Kevin Youngblood,0
0,Christian Yount,3
0,Dave Yovanovits,0
0,Jason Cabinda,4
0,Travaris Cadet,8
0,Deon Cain,1
0,Jeremy Cain,10
0,Jeremy Calahan,0
0,Andre Caldwell,12
0,Antoine Caldwell,11
0,David Caldwell,4
0,Reche Caldwell,20
0,Trey Caldwell,0
0,Brian Calhoun,1
0,Duke Calhoun,0
0,Shaq Calhoun,3
0,Shilique Calhoun,5
0,Taveze Calhoun,0
0,Tyrone Calico,5
0,Austin Calitro,8
0,Bryce Callahan,20
0,Joe Callahan,0
0,Antonio Callaway,5
0,Rob Callaway,0
0,Rocky Calmus,8
0,Jorrick Calvin,1
0,Greg Camarillo,14
0,Jordan Cameron,13
0,Michael Campanaro,4
0,Bruce Campbell,1
0,Calais Campbell,105
0,Caleb Campbell,0
0,D.J. Campbell,2
0,De'Vondre Campbell,46
0,Ibraheim Campbell,6
0,Jason Campbell,48
0,Kelly Campbell,12
0,Khary Campbell,6
0,Michael Campbell,0
0,Parris Campbell,9
0,Tommie Campbell,4
0,Kameron Canaday,4
0,Maurice Canady,3
0,Trung Canidate,11
0,A.J. Cann,39
0,Anthony Cannon,3
0,Marcus Cannon,43
0,Trenton Cannon,2
0,Barry Cantrell,0
0,Rolando Cantu,0
0,Chris Canty,46
0,Selvish Capers,0
0,Nordly Capi,0
0,Alex Cappa,31
0,Tank Carder,5
0,Joe Cardona,7
0,Don Carey,12
0,Ka'Deem Carey,3
0,Vernon Carey,44
0,Steve Cargile,1
0,Gabe Carimi,12
0,Cooper Carlisle,54
0,Daniel Carlson,17
0,John Carlson,16
0,Stephen Carlson,0
0,Jon Carman,1
0,Roc Carmichael,2
0,Bobby Carpenter,11
0,Dan Carpenter,23
0,Dwaine Carpenter,6
0,James Carpenter,49
0,Rudy Carpenter,0
0,Austin Carr,1
0,Brandon Carr,53
0,Chris Carr,17
0,David Carr,45
0,Derek Carr,82
0,Deveron Carr,0
0,Tank Carradine,7
0,Josh Carraway,0
0,Ryan Carrethers,3
0,T.J. Carrie,22
0,Derek Carrier,5
0,Adam Carriker,22
0,Alex Carrington,7
0,Paul Carrington,3
0,Ahmad Carroll,14
0,Nolan Carroll,20
0,Travis Carroll,0
0,Leonte Carroo,2
0,Chris Carson,29
0,Glenn Carson,1
0,Leonardo Carson,16
0,Tra Carson,0
0,Jordan Carstens,9
0,Robert Carswell,1
0,Alex Carter,0
0,Andre Carter,59
0,Brandon Carter,0
0,Bruce Carter,20
0,Cethan Carter,0
0,Chris Carter,6
0,David Carter,4
0,DeAndre Carter,11
0,Delone Carter,3
0,Drew Carter,8
0,Dyshod Carter,1
0,Jamal Carter,2
0,Jason Carter,0
0,Jermaine Carter Jr.,15
0,Jerome Carter,3
0,Jonathan Carter,4
0,Kerry Carter,0
0,Kyle Carter,0
0,Lorenzo Carter,24
0,Quincy Carter,16
0,Quinton Carter,5
0,Tim Carter,0
0,Tim Carter,10
0,Todd Carter,0
0,Tony Carter,6
0,Tyrone Carter,27
0,Ran Carthon,0
0,Rock Cartwright,9
0,Chance Casey,0
0,James Casey,7
0,Jurrell Casey,72
0,Antoine Cash,1
0,Chris Cash,7
0,Jeremy Cash,1
0,Blake Cashman,6
0,Jonathan Casillas,22
0,Antoine Cason,27
0,Aveion Cason,7
0,Matt Cassel,47
0,Simeon Castille,1
0,Tim Castille,1
0,Luis Castillo,33
0,Anthony Castonzo,58
0,Tyler Catalina,2
0,Chandler Catanzaro,12
0,Mike Catapano,3
0,Sean Cattouse,0
0,Jehuu Caulcrick,0
0,Mike Caussin,0
0,Quinton Caver,5
0,Kwame Cavil,1
0,Brent Celek,35
0,Garrett Celek,8
0,Oliver Celestin,5
0,Matt Cercone,0
0,Marq Cerqua,0
0,Jacques Cesaire,29
0,Chris Chamberlain,11
0,Frank Chamberlin,5
0,Chris Chambers,58
0,Kirk Chambers,9
0,Kam Chancellor,49
0,Jeff Chandler,1
0,Nate Chandler,10
0,Scott Chandler,18
0,Sean Chandler,6
0,Jamar Chaney,13
0,Shaun Chapas,0
0,Doug Chapman,3
0,Josh Chapman,7
0,Kory Chapman,0
0,Lamar Chapman,1
0,DJ Chark,18
0,Jamaal Charles,66
0,Orson Charles,2
0,Stefan Charles,7
0,Jeff Charleston,6
0,Ike Charlton,5
0,Taco Charlton,9
0,Matt Chatham,8
0,Antonio Chatman,10
0,Jesse Chatman,11
0,Stephen Cheek,1
0,Chimdi Chekwa,2
0,Gosder Cherilus,48
0,Jehu Chesson,0
0,Chris Chester,59
0,Randy Chevrier,0
0,John Chick,2
0,Anthony Chickillo,10
0,Bam Childress,0
0,Brandon Chillar,22
0,Tashard Choice,13
0,Brad Christenson,0
0,Gerald Christian,0
0,Geron Christian,9
0,Marqui Christian,6
0,Bradley Chubb,29
0,Nick Chubb,45
0,Patrick Chukwurah,6
0,Patrick Chung,38
0,Jordan Chunn,0
0,Barry Church,31
0,Jack Cichy,0
0,Brad Cieslak,0
0,Vinny Ciurciu,9
0,Tyson Clabo,54
0,Ryan Clady,65
0,Morris Claiborne,25
0,Kendrick Clancy,24
0,Will Clapp,7
0,Travis Claridge,23
0,Brian Clark,0
0,Chris Clark,36
0,Chuck Clark,27
0,Corey Clark,0
0,Dallas Clark,51
0,Danny Clark,39
0,Darius Clark,0
0,Devin Clark,0
0,Frank Clark,49
0,Jeremy Clark,0
0,Jeremy Clark,0
0,Kenny Clark,0
0,Kenny Clark,46
0,Le'Raven Clark,12
0,Michael Clark,0
0,Ryan Clark,58
0,Adrien Clarke,8
0,Will Clarke,6
0,Jeromey Clary,47
0,Blaine Clausell,0
0,Jimmy Clausen,3
0,Jared Clauss,3
0,Ben Claxton,0
0,Charles Clay,29
0,John Clay,0
0,Kaelin Clay,3
0,Adrian Clayborn,26
0,DeVone Claybrooks,0
0,Felipe Claybrooks,1
0,Carey Clayton,0
0,Keenan Clayton,3
0,Mark Clayton,28
0,Michael Clayton,22
0,Thomas Clayton,0
0,Zach Clayton,0
0,Emmett Cleary,3
0,Kellen Clemens,10
0,Corey Clement,8
0,Chunky Clements,0
0,Nate Clements,61
0,T.J. Clemmings,15
0,Chris Clemons,44
0,Chris Clemons,20
0,Nic Clemons,2
0,Toney Clemons,0
0,Asante Cleveland,0
0,Chad Clifton,72
0,Ha Ha Clinton-Dix,34
0,Colin Cloherty,1
0,David Clowney,3
0,Jadeveon Clowney,53
0,Tyler Clutts,0
0,Sammie Coates,4
0,Sherrod Coates,1
0,Daniel Coats,2
0,David Cobb,1
0,DeAndra Cobb,0
0,Randall Cobb,64
0,Cedric Cobbs,0
0,Patrick Cobbs,4
0,R.J. Cobbs,0
0,Avon Cobourne,0
0,Colin Cochart,0
0,Earl Cochran,3
0,Ross Cockrell,20
0,Nakia Codie,1
0,Dan Cody,0
0,Shaun Cody,28
0,Tay Cody,4
0,Terrence Cody,14
0,Michael Coe,2
0,Rodney Coe,0
0,Glen Coffee,2
0,Chase Coffman,0
0,Barry Cofield,46
0,Dustin Cohen,0
0,Joe Cohen,0
0,Landon Cohen,4
0,Tarik Cohen,21
0,Adrian Colbert,8
0,Keary Colbert,14
0,Ricardo Colclough,2
0,AJ Cole III,10
0,Audie Cole,7
0,Chris Cole,1
0,Colin Cole,27
0,Dylan Cole,8
0,Justin Cole,1
0,Keelan Cole,20
0,Marquice Cole,6
0,Mason Cole,20
0,Nick Cole,17
0,Trent Cole,68
0,Alonzo Coleman,0
0,Andre Coleman,0
0,Antonio Coleman,1
0,Brandon Coleman,10
0,Chris Coleman,0
0,Clarence Coleman,1
0,Corey Coleman,6
0,Cosey Coleman,35
0,Davon Coleman,1
0,Deandre Coleman,0
0,Derrick Coleman,1
0,Drew Coleman,11
0,Erik Coleman,33
0,Fred Coleman,1
0,Justin Coleman,15
0,KaRon Coleman,2
0,Kenyon Coleman,38
0,Kurt Coleman,33
0,Lavon Coleman,0
0,Shon Coleman,6
0,Tevin Coleman,33
0,Travis Coleman,0
0,Xavier Coleman,0
0,Laveranues Coles,68
0,Kevis Coley,0
0,Stacy Coley,0
0,Trevon Coley,14
0,Daryn Colledge,57
0,Austin Collie,18
0,L.J. Collier,9
0,Richard Collier,1
0,Alex Collins,17
0,Anthony Collins,16
0,Aviante Collins,1
0,Cameron Collins,0
0,Jalen Collins,4
0,Jamie Collins,58
0,Javier Collins,1
0,Jed Collins,3
0,Jerome Collins,0
0,La'el Collins,38
0,Landon Collins,42
0,Maliek Collins,38
0,Nate Collins,4
0,Nick Collins,48
0,Marc Colombo,42
0,Willie Colon,40
0,Britton Colquitt,19
0,Dustin Colquitt,24
0,Marques Colston,72
0,Aaron Colvin,16
0,Chris Combs,1
0,Derek Combs,1
0,John Cominsky,7
0,Sanders Commings,0
0,Jonathan Compas,0
0,Tom Compton,23
0,William Compton,21
0,Jon Condo,20
0,Brannon Condren,1
0,Kevin Cone,0
0,Jack Conklin,53
0,Tyler Conklin,12
0,Chris Conley,21
0,Gareon Conley,9
0,T.J. Conley,1
0,Ryan Connelly,4
0,James Conner,32
0,John Conner,0
0,Kavell Conner,20
0,Dan Connolly,40
0,Dan Connor,13
0,Scott Connot,0
0,Sean Conover,1
0,Matt Conrath,1
0,Sean Considine,15
0,Chris Conte,28
0,Chris Cook,10
0,Connor Cook,0
0,Dalvin Cook,52
0,Damion Cook,5
0,Emanuel Cook,0
0,Erik Cook,1
0,Jameel Cook,4
0,Jared Cook,48
0,Kyle Cook,30
0,Ryan Cook,23
0,Logan Cooke,13
0,Brandin Cooks,66
0,Chris Cooley,34
0,Travis Coons,3
0,Amari Cooper,58
0,Chris Cooper,12
0,Deke Cooper,19
0,Jarrod Cooper,7
0,Jon Cooper,1
0,Jonathan Cooper,16
0,Josh Cooper,3
0,Josh Cooper,1
0,Marcus Cooper,14
0,Marquis Cooper,2
0,Pharoh Cooper,6
0,Rafael Cooper,0
0,Riley Cooper,17
0,Stephen Cooper,33
0,Xavier Cooper,4
0,Brandon Copeland,13
0,Quinton Coples,17
0,Terrance Copper,10
0,Austin Corbett,24
0,Jim Cordle,5
0,Jorge Cordova,1
0,Cody Core,3
0,Jack Cornell,0
0,Reggie Corner,8
0,Paul Cornick,4
0,Kamalei Correa,11
0,Jon Corto,5
0,Quan Cosby,0
0,Dave Costa,1
0,Phil Costa,12
0,Blake Costanzo,7
0,Junius Coston,5
0,Jerricho Cotchery,51
0,Brad Cottam,2
0,Lester Cotton,1
0,Blake Countess,3
0,Jerome Couplin,0
0,Kirk Cousins,90
0,Oniel Cousins,10
0,Keke Coutee,7
0,Brandon Coutu,0
0,Chris Covington,0
0,Christian Covington,20
0,Rashaad Coward,8
0,Byron Cowart,10
0,James Cowser,3
0,Delbert Cowsette,3
0,Bryan Cox Jr.,3
0,Chandler Cox,0
0,Curome Cox,5
0,Demetrious Cox,0
0,Derek Cox,20
0,Fletcher Cox,92
0,Kennard Cox,2
0,Michael Cox,0
0,Mike Cox,1
0,Morgan Cox,13
0,Perrish Cox,19
0,Renard Cox,0
0,Torrie Cox,5
0,Brock Coyle,10
0,Shawn Crable,0
0,Michael Crabtree,53
0,Tom Crabtree,3
0,River Cracraft,1
0,Dameyune Craig,0
0,Casey Cramer,0
0,Su'a Cravens,5
0,Keyuo Craver,2
0,Casey Crawford,0
0,Jack Crawford,18
0,James Crawford,2
0,Richard Crawford,1
0,Tyrone Crawford,34
0,Xavier Crawford,1
0,Ken Crawley,9
0,Patrick Crayton,33
0,Gabe Crecion,0
0,Josh Cribbs,21
0,Scott Crichton,2
0,Jared Crick,28
0,Juron Criner,1
0,Shadwick Criss,0
0,Chris Crocker,42
0,John Crockett,0
0,Antonio Cromartie,66
0,Marcus Cromartie,2
0,Da'Mon Cromartie-Smith,0
0,Jason Croom,2
0,Larry Croom,1
0,Mason Crosby,33
0,Maxx Crosby,34
0,Phillip Crosby,0
0,Tyrell Crosby,11
0,Alan Cross,0
0,Keion Crossen,6
0,Cole Croston,0
0,Channing Crowder,31
0,Jamison Crowder,31
0,Tim Crowder,11
0,Angelo Crowell,18
0,Isaiah Crowell,22
0,Brodie Croyle,2
0,Dane Cruikshank,4
0,Andrew Crummey,0
0,Alge Crumpler,41
0,Darrel Crutchfield,0
0,Ronnie Cruz,0
0,Victor Cruz,36
0,Jermelle Cudjo,6
0,Yannick Cudjoe-Virgil,0
0,Quinton Culberson,5
0,Sean Culkin,0
0,Chris Culliver,12
0,Tyrone Culver,7
0,Jeff Cumberland,9
0,Kenwin Cummings,0
0,Billy Cundiff,14
0,B.J. Cunningham,0
0,Benny Cunningham,11
0,Jermaine Cunningham,8
0,Jerome Cunningham,1
0,Justice Cunningham,0
0,Korey Cunningham,4
0,Korey Cunningham,4
0,Dan Curley,0
0,Rennie Curran,1
0,Airese Currie,0
0,Justin Currie,0
0,Aaron Curry,16
0,Clarence Curry,0
0,DeMarcus Curry,0
0,Dominique Curry,0
0,Donte Curry,11
0,Julius Curry,0
0,Markus Curry,0
0,Ronald Curry,16
0,Vinny Curry,22
0,Kevin Curtis,25
0,Tony Curtis,0
0,Brian Cushing,52
0,Jay Cutler,86
0,Jacob Cutrera,1
0,Austin Cutting,1
0,Johnathan Cyprien,25
